{
    "model_family": "linear_models",
    "models": {
        "linear_regression": {
            "train": {
                "rmse": 68433.93736666226,
                "r2": 0.6496648627123223
            },
            "test": {
                "rmse": 70059.19333925014,
                "r2": 0.6254382675296266
            }
        },
        "ridge_regression": {
            "alpha_1.0": {
                "train": {
                    "rmse": 68434.99589612993,
                    "r2": 0.6496540247290437
                },
                "test": {
                    "rmse": 70066.02112093243,
                    "r2": 0.625365256401925
                }
            }
        }
    }
}