{
    "model_family": "decision_tree",
    "models": {
        "decision_tree_unconstrained": {
            "train": {
                "rmse": 0.0,
                "r2": 1.0
            },
            "test": {
                "rmse": 69136.03126855678,
                "r2": 0.6352443474568316
            }
        },
        "decision_tree_constrained": {
            "params": {
                "max_depth": 8,
                "min_samples_leaf": 20
            },
            "train": {
                "rmse": 62340.244165104,
                "r2": 0.7419673671801547
            },
            "test": {
                "rmse": 58730.94597264978,
                "r2": 0.7034280055237578
            }
        }
    }
}