{
    "model_family": "random_forest",
    "models": {
        "random_forest_constrained": {
            "params": {
                "n_estimators": 200,
                "random_state": 42,
                "n_jobs": -1
            },
            "train": {
                "rmse": 17877.84765250773,
                "r2": 0.9760904663266143
            },
            "test": {
                "rmse": 48823.452434549225,
                "r2": 0.818092706383268
            },
            "cross_validation": {
                "cross_validation": {
                    "folds": 5,
                    "rmse_scores": [
                        [
                            49007.74235718388,
                            49072.69656354253,
                            49148.019428165695,
                            48300.8351948178,
                            50324.899570531896
                        ]
                    ],
                    "rmse_mean": 49170.838622848365,
                    "rmse_std": 651.9993262385468
                }
            }
        },
        "random_forest_tuned": {
            "params": {
                "n_estimators": 300,
                "max_depth": 20,
                "min_samples_leaf": 5,
                "max_features": "sqrt",
                "random_state": 42,
                "n_jobs": -1
            },
            "train": {
                "rmse": 38908.311701515304,
                "r2": 0.8867533367830849
            },
            "test": {
                "rmse": 51756.54763352121,
                "r2": 0.7955798329055327
            }
        }
    }
}