{
    "model_family": "gradient_boosting",
    "models": {
        "hist_gradient_boosting": {
            "holdout": {
                "train": {
                    "rmse": 35390.54226267088,
                    "r2": 0.9063052890449722
                },
                "test": {
                    "rmse": 45531.575116140964,
                    "r2": 0.8417956251078377
                }
            },
            "cross_validation": {
                "folds": 5,
                "rmse_scores": [
                    45999.61206895171,
                    46475.787261648875,
                    47378.55912044912,
                    45791.50926530547,
                    46849.829079058254
                ],
                "rmse_mean": 46499.05935908268,
                "rmse_std": 573.9643800860204
            }
        }
    }
}